,precision,recall,f1-score,support
Abusive,0.9431818181818182,0.9699499165275459,0.9563786008230453,599.0
Non-abusive,0.98125,0.9641760491299898,0.9726381001548787,977.0
accuracy,0.9663705583756346,0.9663705583756346,0.9663705583756346,0.9663705583756346
macro avg,0.962215909090909,0.9670629828287678,0.964508350488962,1576.0
weighted avg,0.9667811923165667,0.9663705583756346,0.9664582523758379,1576.0
