,precision,recall,f1-score,support
Non-Sarcastic,0.9659498207885304,0.9963031423290203,0.9808917197452229,541.0
Sarcastic,0.9980353634577603,0.9816425120772947,0.9897710667316123,1035.0
accuracy,0.9866751269035533,0.9866751269035533,0.9866751269035533,0.9866751269035533
macro avg,0.9819925921231454,0.9889728272031575,0.9853313932384176,1576.0
weighted avg,0.9870212273003661,0.9866751269035533,0.9867230167826042,1576.0
