,precision,recall,f1-score,support
Abusive,0.9764705882352941,0.9699499165275459,0.9731993299832497,599.0
Non-abusive,0.981651376146789,0.9856704196519959,0.9836567926455567,977.0
accuracy,0.9796954314720813,0.9796954314720813,0.9796954314720813,0.9796954314720813
macro avg,0.9790609821910415,0.9778101680897708,0.9784280613144032,1576.0
weighted avg,0.979682282264184,0.9796954314720813,0.9796821605803778,1576.0
