,precision,recall,f1-score,support
Non-Sarcastic,0.9712746858168761,1.0,0.9854280510018215,541.0
Sarcastic,1.0,0.9845410628019323,0.9922103213242454,1035.0
accuracy,0.9898477157360406,0.9898477157360406,0.9898477157360406,0.9898477157360406
macro avg,0.9856373429084381,0.9922705314009661,0.9888191861630334,1576.0
weighted avg,0.9901393432911993,0.9898477157360406,0.9898821435041748,1576.0
