,precision,recall,f1-score,support
Non Vulgar,1.0,0.9889908256880734,0.9944649446494466,1090.0
Vulgar,0.9759036144578314,1.0,0.9878048780487805,486.0
accuracy,0.9923857868020305,0.9923857868020305,0.9923857868020305,0.9923857868020305
macro avg,0.9879518072289157,0.9944954128440366,0.9911349113491135,1576.0
weighted avg,0.9925692618188491,0.9923857868020305,0.9924111423855356,1576.0
