,precision,recall,f1-score,support
Non-Sarcastic,0.9575221238938053,1.0,0.9783001808318263,541.0
Sarcastic,1.0,0.9768115942028985,0.9882697947214076,1035.0
accuracy,0.9847715736040609,0.9847715736040609,0.9847715736040609,0.9847715736040609
macro avg,0.9787610619469027,0.9884057971014493,0.983284987776617,1576.0
weighted avg,0.9854184448137999,0.9847715736040609,0.9848474843697177,1576.0
